,Total Delay,Request Delay,Saving Delay,Arrival Time,Time,Bid,Bid Size,Ask,Ask Size,Last Price,Last Size
0,0.6499999999999999,0.3,0.35,0.6499999999999999,09:30:00,117.55,300,117.88,700,117.55,100
88,0.39,0.2,0.19,0.0,09:31:00,117.56,400,117.84,200,117.825,100
201,4.77,4.56,0.21,0.0,09:32:00,117.59,200,117.78,100,117.77,100
202,2.2199999999999998,2.03,0.19,2.2199999999999998,09:32:02,117.59,200,117.8,100,117.79,100
206,0.24000000000000002,0.07,0.17,3.3400000000000003,09:32:03,117.63,200,117.83,100,117.71,100
234,0.23,0.07,0.16,13.38,09:32:13,117.63,100,117.77,100,117.64,200
264,0.24000000000000002,0.07,0.17,23.730000000000004,09:32:23,117.66,200,117.77,100,117.76,149
309,0.25,0.07,0.18,37.760000000000005,09:32:37,117.66,300,117.77,100,117.73,100
320,0.69,0.28,0.41,42.120000000000005,09:32:42,117.68,100,117.8,100,117.74,200
356,2.15,1.91,0.24,0.0,09:33:00,117.75,100,117.89,100,117.805,500
370,0.66,0.28,0.38,7.11,09:33:07,117.76,100,117.89,100,117.89,100
405,0.5700000000000001,0.28,0.29,18.980000000000004,09:33:18,117.77,200,117.88,100,117.88,100
452,0.26,0.07,0.19,34.970000000000006,09:33:34,117.77,200,117.88,100,117.86,100
511,0.48,0.27,0.21,0.0,09:34:00,117.81,300,117.96,200,117.85,100
513,2.17,1.87,0.3,2.42,09:34:02,117.85,400,117.96,200,117.96,100
556,0.47000000000000003,0.28,0.19,24.09,09:34:24,117.9,200,117.99,100,117.97,100
571,0.32,0.07,0.25,29.91,09:34:29,117.9,200,117.99,100,117.99,100
594,0.38,0.14,0.24,38.09,09:34:38,117.92,200,118.02,100,118.0,100
614,0.38,0.08,0.3,0.0,09:35:00,117.87,300,118.02,200,117.93,100
618,0.34,0.07,0.27,5.17,09:35:05,117.89,100,118.02,200,118.01,100
641,0.4,0.18,0.22,22.53,09:35:22,117.82,100,118.01,200,117.91,100
680,0.33,0.07,0.26,36.78000000000001,09:35:36,117.99,200,118.02,300,118.005,100
701,0.26,0.08,0.18,44.800000000000004,09:35:44,117.99,100,118.06,100,118.06,200
707,0.25,0.07,0.18,46.68000000000001,09:35:46,117.99,100,118.06,100,118.0105,1000
772,0.24000000000000002,0.07,0.17,0.0,09:36:00,118.06,100,118.15,200,118.07,100
774,2.31,2.11,0.2,2.56,09:36:02,118.05,200,118.15,200,118.14,100
779,3.7600000000000002,3.33,0.43,8.1,09:36:08,118.05,100,118.14,200,118.13,200
878,0.5900000000000001,0.07,0.52,0.0,09:37:00,117.83,200,117.98,300,117.905,100
897,1.12,0.75,0.37,10.34,09:37:10,117.88,200,117.98,400,117.98,100
901,2.69,2.4,0.29,16.38,09:37:16,117.87,100,117.98,500,117.92,100
909,0.6000000000000001,0.26,0.34,19.97,09:37:19,117.82,100,117.93,200,117.84,100
944,0.43,0.08,0.35,36.19,09:37:36,117.82,100,117.93,200,117.83,100
987,0.45999999999999996,0.21,0.25,53.28999999999997,09:37:53,117.93,100,118.06,200,117.995,100
1011,0.56,0.27,0.29,6.1800000000000015,09:38:06,117.93,100,118.02,200,117.975,100
1043,0.49,0.08,0.41,26.16,09:38:26,117.94,100,118.03,100,117.9672,300
1159,2.5700000000000003,2.24,0.33,13.309999999999999,09:39:13,117.87,200,118.01,100,117.94,100
1277,0.46,0.2,0.26,8.22,09:40:08,117.79,200,117.88,100,117.835,100
1314,0.45999999999999996,0.21,0.25,28.31,09:40:28,117.79,100,117.87,100,117.8,100
1378,0.36,0.07,0.29,52.02999999999998,09:40:52,117.8,100,117.9,200,117.9,100
1417,0.42000000000000004,0.22,0.2,3.16,09:41:03,117.79,200,117.87,400,117.8431,359
1422,0.4,0.21,0.19,5.140000000000001,09:41:05,117.82,100,117.9,200,117.845,100
1482,0.45999999999999996,0.24,0.22,31.380000000000003,09:41:31,117.81,100,117.89,100,117.82,100
1555,0.30000000000000004,0.07,0.23,6.95,09:42:06,117.89,100,118.01,100,117.9125,100
1595,0.7,0.24,0.46,30.089999999999993,09:42:30,117.81,200,117.94,100,117.875,200
1606,0.48,0.22,0.26,34.29999999999999,09:42:34,117.81,200,117.94,100,117.8646,125
1804,0.33999999999999997,0.15,0.19,0.0,09:44:00,117.93,200,118.07,300,118.007,200
1832,0.35,0.1,0.25,13.97,09:44:13,118.07,200,118.1,300,118.085,100
1837,1.29,1.03,0.26,16.84,09:44:16,117.95,100,118.09,400,118.04,100
1841,0.39,0.18,0.21,18.14,09:44:18,117.95,200,118.09,200,118.015,100
1844,1.8399999999999999,1.48,0.36,20.82,09:44:20,117.96,200,118.09,1000,118.0197,425
1847,0.46,0.18,0.28,21.99,09:44:21,117.96,100,118.09,1000,118.03,100
1852,0.33,0.07,0.26,23.799999999999997,09:44:23,117.96,400,118.08,200,118.02,100
1916,0.46,0.27,0.19,48.13000000000002,09:44:48,118.0,300,118.1,300,118.1,100
1927,0.27,0.07,0.2,51.80000000000001,09:44:51,118.03,200,118.12,100,118.12,100
1956,0.43000000000000005,0.09,0.34,0.0,09:45:00,118.04,200,118.11,200,118.105,100
1970,1.2,0.89,0.31,10.79,09:45:10,118.04,200,118.13,100,118.115,100
1981,0.5,0.2,0.3,18.330000000000002,09:45:18,118.08,100,118.13,100,118.1075,100
1996,0.37,0.12,0.25,24.19,09:45:24,118.09,400,118.14,200,118.09,100
2014,0.5700000000000001,0.26,0.31,32.150000000000006,09:45:32,118.14,100,118.2,100,118.18,100
2020,0.47,0.26,0.21,34.12000000000001,09:45:34,118.15,100,118.2,200,118.2,360
2030,0.38,0.2,0.18,37.80000000000001,09:45:37,118.16,100,118.2,100,118.1965,100
2036,0.5,0.21,0.29,40.23000000000001,09:45:40,118.16,100,118.19,200,118.16,100
2041,0.5700000000000001,0.25,0.32,42.17000000000001,09:45:42,118.16,100,118.2,100,118.19,200
2115,0.34,0.08,0.26,3.7300000000000004,09:46:03,118.19,200,118.24,100,118.22,100
2209,0.53,0.27,0.26,41.78,09:46:41,118.25,100,118.3,1300,118.26,100
2210,0.26,0.08,0.18,42.04,09:46:42,118.26,100,118.32,100,118.3,100
2215,0.39,0.21,0.18,43.71,09:46:43,118.26,100,118.32,100,118.3059,122
2227,0.25,0.07,0.18,0.0,09:47:00,118.27,100,118.32,500,118.295,100
2255,0.26,0.08,0.18,10.06,09:47:10,118.22,200,118.29,600,118.23,100
2274,0.34,0.14,0.2,22.239999999999995,09:47:22,118.24,100,118.32,200,118.29,100
2309,0.32999999999999996,0.09,0.24,36.40999999999999,09:47:36,118.25,100,118.39,100,118.34,191
2315,0.25,0.07,0.18,38.16,09:47:38,118.25,300,118.36,100,118.3088,300
2347,0.42,0.21,0.21,50.059999999999995,09:47:50,118.26,100,118.35,300,118.31200000000001,106
2368,0.33,0.1,0.23,58.28999999999998,09:47:58,118.28,100,118.35,100,118.32,100
2373,0.39,0.2,0.19,0.0,09:48:00,118.28,100,118.37,100,118.315,100
2378,0.44,0.21,0.23,2.0500000000000003,09:48:02,118.28,100,118.37,100,118.31,100
2383,0.44,0.26,0.18,3.8000000000000003,09:48:03,118.28,200,118.37,200,118.3178,1000
2389,0.31,0.09,0.22,5.930000000000001,09:48:05,118.29,100,118.37,200,118.37,300
2458,0.34,0.17,0.17,35.73,09:48:35,118.34,100,118.39,100,118.39,100
2464,0.47,0.22,0.25,38.12999999999999,09:48:38,118.33,300,118.4,100,118.4,340
2514,0.49,0.27,0.22,55.850000000000016,09:48:55,118.31,200,118.36,100,118.33,100
2594,0.37,0.07,0.3,25.890000000000004,09:49:25,118.33,100,118.4,100,118.35,300
2658,0.41000000000000003,0.15,0.26,4.050000000000001,09:50:04,118.35,200,118.4,100,118.36,100
2804,0.38,0.16,0.22,0.0,09:51:00,118.27,300,118.34,200,118.305,100
2864,0.34,0.08,0.26,23.81999999999999,09:51:23,118.31,100,118.36,200,118.345,100
2875,0.41000000000000003,0.2,0.21,27.889999999999986,09:51:27,118.32,300,118.39,100,118.355,100
2896,0.30000000000000004,0.07,0.23,35.79999999999999,09:51:35,118.23,100,118.32,200,118.24,100
3234,0.34,0.08,0.26,2.15,09:54:02,118.38,300,118.43,100,118.405,100
3239,0.31,0.12,0.19,7.7299999999999995,09:54:07,118.39,400,118.49,100,118.43,200
3240,2.9800000000000004,2.74,0.24,10.71,09:54:10,118.39,400,118.49,100,118.44,100
3378,0.35,0.12,0.23,0.0,09:55:00,118.42,100,118.45,100,118.45,100
3392,0.29,0.08,0.21,9.809999999999999,09:55:09,118.41,100,118.43,100,118.41,100
3453,0.38,0.08,0.3,35.8,09:55:35,118.37,100,118.38,100,118.38,100
3740,0.38,0.17,0.21,40.04,09:57:40,118.35,100,118.38,300,118.365,100
3766,0.28,0.08,0.2,48.18999999999999,09:57:48,118.4,100,118.47,300,118.42,100
3801,0.41000000000000003,0.22,0.19,0.0,09:58:00,118.39,400,118.46,300,118.425,100
3816,2.62,2.27,0.35,13.809999999999999,09:58:13,118.4,300,118.46,400,118.46,214
3817,0.25,0.09,0.16,14.059999999999999,09:58:14,118.43,100,118.49,200,118.47,200
3820,2.8000000000000003,2.64,0.16,19.779999999999998,09:58:19,118.48,200,118.53,100,118.5,100
3821,0.39,0.23,0.16,20.169999999999998,09:58:20,118.48,100,118.53,300,118.48,100
4121,0.37,0.1,0.27,8.489999999999998,10:00:08,118.46,300,118.5,100,118.49,100
4129,0.41000000000000003,0.1,0.31,14.089999999999998,10:00:14,118.49,200,118.52,200,118.505,100
4183,0.42,0.07,0.35,38.169999999999995,10:00:38,118.47,100,118.51,200,118.4768,300
4199,0.48000000000000004,0.08,0.4,48.16999999999998,10:00:48,118.49,100,118.54,100,118.515,100
4206,0.5,0.12,0.38,1.91,10:01:01,118.45,400,118.54,200,118.51,100
4208,0.32,0.07,0.25,2.67,10:01:02,118.45,400,118.54,200,118.53,100
4299,0.24000000000000002,0.07,0.17,41.230000000000025,10:01:41,118.42,100,118.47,200,118.4565,100
4404,0.33,0.07,0.26,6.090000000000002,10:02:06,118.51,300,118.56,100,118.535,200
4410,0.38,0.09,0.29,8.340000000000003,10:02:08,118.56,200,118.6,200,118.58,100
4416,0.36000000000000004,0.08,0.28,10.310000000000002,10:02:10,118.57,200,118.6,100,118.6,100
4494,0.36,0.12,0.24,0.0,10:03:00,118.59,200,118.6,200,118.595,100
4520,0.36000000000000004,0.08,0.28,10.000000000000004,10:03:10,118.58,500,118.61,300,118.59,100
4545,0.29000000000000004,0.09,0.2,23.840000000000003,10:03:23,118.58,500,118.61,300,118.6011,645
4583,0.23,0.07,0.16,35.86000000000001,10:03:35,118.58,200,118.61,200,118.61,300
4608,0.24000000000000002,0.07,0.17,43.650000000000006,10:03:43,118.59,400,118.62,200,118.605,100
4673,0.38,0.14,0.24,0.0,10:04:00,118.56,100,118.61,200,118.565,100
4797,0.33,0.07,0.26,1.56,10:05:01,118.6,100,118.64,100,118.62,100
4812,0.49,0.2,0.29,10.06,10:05:10,118.65,200,118.7,1100,118.67,100
4875,0.24000000000000002,0.07,0.17,35.61999999999999,10:05:35,118.65,300,118.7,1200,118.69,200
4882,0.33,0.07,0.26,37.90999999999999,10:05:37,118.66,300,118.7,200,118.7,100
4886,0.39,0.09,0.3,39.829999999999984,10:05:39,118.66,100,118.7,300,118.66,100
4928,0.37,0.19,0.18,0.0,10:06:00,118.61,400,118.64,100,118.63,100
4939,1.7,1.53,0.17,7.920000000000001,10:06:07,118.56,200,118.58,200,118.57,200
4946,0.30000000000000004,0.13,0.17,9.820000000000002,10:06:09,118.52,100,118.56,100,118.55,100
4947,0.8699999999999999,0.69,0.18,10.690000000000001,10:06:10,118.52,100,118.56,100,118.54,100
5245,3.9699999999999998,3.65,0.32,0.0,10:08:00,118.56,200,118.61,300,118.5847,100
5552,0.32,0.08,0.24,2.1,10:13:02,118.49,100,118.53,100,118.52,100
5597,0.25,0.07,0.18,28.009999999999994,10:13:28,118.48,200,118.51,100,118.495,100
5683,0.27,0.1,0.17,58.03000000000003,10:13:58,118.48,200,118.51,300,118.4948,100
5718,0.26,0.1,0.16,0.26,10:14:00,118.52,500,118.59,200,118.555,100
5855,0.27,0.08,0.19,0.0,10:15:00,118.41,100,118.47,400,118.435,100
5967,0.24000000000000002,0.07,0.17,45.73000000000004,10:15:45,118.45,300,118.5,100,118.475,100
6068,0.28,0.08,0.2,24.320000000000004,10:16:24,118.37,100,118.42,100,118.395,100
6145,0.49,0.23,0.26,0.0,10:17:00,118.37,100,118.4,200,118.385,100
6213,0.43,0.24,0.19,36.06000000000002,10:17:36,118.31,100,118.36,200,118.34100000000001,121
6437,0.43,0.21,0.22,0.0,10:20:00,118.19,200,118.23,100,118.2358,500
6446,0.39,0.17,0.22,7.980000000000001,10:20:07,118.25,200,118.31,200,118.27,100
6454,0.43000000000000005,0.17,0.26,11.83,10:20:11,118.25,200,118.31,100,118.28,100
6499,0.43,0.19,0.24,29.92000000000001,10:20:29,118.23,100,118.29,100,118.2648,1600
6536,34.309999999999995,34.08,0.23,0.0,10:21:00,118.26,300,118.31,300,118.3099,100
6784,0.36,0.09,0.27,27.100000000000005,10:23:27,118.33,200,118.38,300,118.3425,100
7441,0.25,0.07,0.18,15.540000000000001,10:29:15,118.52,100,118.57,100,118.56,100
7589,4.29,4.05,0.24,7.74,10:30:07,118.5,200,118.54,100,118.525,100
8283,0.59,0.08,0.51,31.740000000000006,10:37:31,118.44,200,118.48,200,118.4411,200
8812,0.64,0.14,0.5,44.03000000000001,10:43:44,118.21,200,118.26,200,118.25,111
8895,0.5800000000000001,0.07,0.51,31.559999999999995,10:44:31,118.14,200,118.18,200,118.17,100
9179,0.59,0.09,0.5,42.660000000000004,10:47:42,118.14,200,118.2,200,118.155,100
9312,0.43,0.07,0.36,8.82,10:49:08,118.22,100,118.25,100,118.2369,200
9388,2.7600000000000002,2.18,0.58,0.0,10:50:00,118.21,200,118.29,300,118.2508,664
9570,0.75,0.23,0.52,26.54000000000001,10:52:26,118.19,100,118.25,200,118.21,100
9621,0.5700000000000001,0.13,0.44,0.0,10:53:00,118.2,100,118.25,200,118.225,100
9912,2.98,2.53,0.45,0.0,10:58:00,118.23,200,118.28,200,118.2519,300
10097,0.76,0.23,0.53,0.0,11:00:00,118.23,100,118.28,100,118.277,100
10306,0.59,0.09,0.5,0.0,11:04:00,118.04,100,118.08,100,118.05,100
10318,0.77,0.23,0.54,8.15,11:04:08,118.0,1200,118.07,100,118.08,100
10346,0.5800000000000001,0.07,0.51,21.92,11:05:21,117.97,100,118.01,100,117.9988,100
10492,0.43,0.12,0.31,45.14999999999999,11:06:45,117.9,200,117.95,100,117.95,100
10542,0.5700000000000001,0.07,0.5,27.98,11:07:27,117.94,100,118.01,200,117.9795,100
10699,4.99,4.47,0.52,0.0,11:09:00,117.9,100,117.94,200,117.9001,127
10940,0.78,0.25,0.53,43.810000000000024,11:11:43,117.93,100,117.96,200,117.945,300
11326,0.44,0.12,0.32,0.0,11:18:00,118.09,200,118.12,100,118.11,100
11349,4.0,3.22,0.78,20.400000000000002,11:18:20,118.12,200,118.17,400,118.15,100
11438,0.95,0.07,0.88,18.169999999999998,11:19:18,118.04,100,118.09,200,118.065,100
11449,0.61,0.13,0.48,25.609999999999992,11:19:25,118.04,200,118.09,100,118.0899,100
11794,0.6100000000000001,0.07,0.54,40.16000000000002,11:23:40,118.07,200,118.11,300,118.0914,300
12036,0.5599999999999999,0.21,0.35,0.5599999999999999,11:27:00,118.02,200,118.07,200,118.0495,100
12203,0.96,0.39,0.57,0.0,11:31:00,118.1,100,118.12,100,118.1107,100
12568,0.56,0.07,0.49,1.1300000000000001,11:36:01,118.13,100,118.17,200,118.1501,100
12744,0.64,0.18,0.46,17.229999999999997,11:38:17,118.1,200,118.17,200,118.145,200
12905,1.42,1.16,0.26,0.0,11:42:00,118.2,300,118.23,100,118.215,100
13170,0.25,0.08,0.17,8.89,11:45:08,118.16,100,118.21,200,118.175,100
13668,0.26,0.07,0.19,38.84999999999999,11:48:38,118.18,100,118.21,200,118.2025,100
13755,3.58,3.4,0.18,0.0,11:49:00,118.15,200,118.2,100,118.185,100
13913,1.82,1.55,0.27,18.85,11:50:18,118.14,100,118.18,300,118.1725,100
14008,0.38,0.22,0.16,50.11000000000001,11:50:50,118.12,100,118.15,100,118.135,100
14349,0.41000000000000003,0.19,0.22,0.0,11:53:00,118.1,200,118.15,100,118.125,100
14487,0.42,0.24,0.18,56.18000000000005,11:53:56,118.16,100,118.2,200,118.1873,300
14732,0.35,0.14,0.21,38.19000000000001,11:55:38,118.14,200,118.19,500,118.165,100
15324,0.4,0.14,0.26,33.750000000000014,11:59:33,118.19,200,118.22,100,118.205,100
15448,0.47,0.22,0.25,19.929999999999996,12:00:19,118.25,100,118.27,100,118.265,200
15706,0.39,0.22,0.17,38.789999999999985,12:01:38,118.24,100,118.27,200,118.255,200
16338,0.26,0.07,0.19,2.06,12:06:02,118.33,100,118.37,400,118.35700000000001,200
16362,3.7199999999999998,3.4,0.32,15.170000000000005,12:06:15,118.37,100,118.41,400,118.3896,165
16366,0.25,0.08,0.17,18.820000000000004,12:06:18,118.34,100,118.39,400,118.384,100
16460,0.31000000000000005,0.14,0.17,50.099999999999994,12:06:50,118.36,300,118.41,200,118.39399999999999,1000
16633,0.38,0.2,0.18,31.610000000000003,12:07:31,118.41,400,118.45,100,118.4128,200
16677,0.25,0.07,0.18,1.1,12:08:01,118.39,300,118.42,300,118.42399999999999,100
16737,0.31,0.09,0.22,22.09,12:08:22,118.46,200,118.49,100,118.4805,100
16797,0.36,0.18,0.18,2.21,12:09:02,118.44,100,118.46,700,118.4635,200
16822,0.31,0.12,0.19,14.140000000000002,12:09:14,118.43,200,118.45,300,118.447,100
17061,0.41000000000000003,0.2,0.21,41.86999999999999,12:10:41,118.49,300,118.52,200,118.5205,100
17142,0.37,0.18,0.19,0.69,12:11:00,118.5,100,118.53,100,118.5305,100
17321,1.3900000000000001,1.06,0.33,2.83,12:12:02,118.45,100,118.5,200,118.494,200
18090,0.42,0.24,0.18,0.0,12:17:00,118.52,300,118.54,100,118.5386,300
18404,2.11,1.94,0.17,3.09,12:19:03,118.31,300,118.34,100,118.325,100
18444,0.23,0.07,0.16,21.470000000000006,12:19:21,118.32,100,118.35,300,118.3201,128
18472,0.33999999999999997,0.18,0.16,29.470000000000006,12:19:29,118.32,200,118.35,200,118.335,100
18764,0.4,0.2,0.2,29.97,12:21:29,118.43,100,118.46,100,118.445,100
19187,0.41000000000000003,0.2,0.21,0.0,12:24:00,118.37,300,118.42,200,118.3926,127
19740,0.35,0.18,0.17,0.0,12:28:00,118.4,400,118.43,100,118.415,100
20147,0.37,0.17,0.2,40.000000000000014,12:30:40,118.44,100,118.47,200,118.455,100
20285,0.24000000000000002,0.07,0.17,23.7,12:31:23,118.45,100,118.48,300,118.465,100
20794,0.28,0.08,0.2,33.92000000000001,12:34:33,118.45,200,118.49,200,118.4714,190
20924,0.4,0.23,0.17,14.330000000000004,12:35:14,118.43,100,118.46,300,118.4464,100
22254,0.41000000000000003,0.2,0.21,4.119999999999999,12:47:04,118.26,100,118.29,200,118.2752,200
22895,0.41000000000000003,0.24,0.17,37.92999999999999,12:51:37,118.37,600,118.4,100,118.387,250
24121,0.32,0.14,0.18,0.0,13:01:00,118.32,300,118.37,100,118.3463,700
25035,0.34,0.07,0.27,2.8600000000000003,13:09:02,118.49,100,118.52,400,118.4901,104
25816,0.5800000000000001,0.27,0.31,12.77,13:17:12,118.5,200,118.54,200,118.5217,100
25871,0.44,0.07,0.37,45.980000000000004,13:17:45,118.53,200,118.57,200,118.538,200
25955,0.5900000000000001,0.27,0.32,38.41000000000003,13:18:38,118.5,200,118.55,200,118.54899999999999,200
26512,1.2,0.07,1.13,15.559999999999999,13:25:15,118.63,500,118.65,100,118.65,100
26522,1.2000000000000002,0.08,1.12,27.599999999999998,13:25:27,118.6,200,118.63,100,118.60600000000001,300
26576,1.0,0.18,0.82,30.000000000000007,13:26:30,118.57,100,118.6,100,118.585,100
26765,1.01,0.14,0.87,39.36,13:30:39,118.59,700,118.63,100,118.6119,100
26771,1.4000000000000001,0.08,1.32,47.160000000000004,13:30:47,118.63,100,118.64,200,118.64,100
26922,4.1899999999999995,3.02,1.17,13.4,13:34:13,118.56,200,118.61,100,118.5818,245
26944,1.0,0.07,0.93,39.61,13:34:39,118.56,200,118.61,200,118.5886,100
26953,1.0,0.08,0.92,49.830000000000005,13:34:49,118.57,300,118.61,200,118.5925,100
27014,1.01,0.08,0.93,12.81,13:36:12,118.58,200,118.61,300,118.5906,159
27383,1.41,0.28,1.13,40.39999999999999,13:44:40,118.55,100,118.59,200,118.5872,100
27486,1.38,0.25,1.13,5.39,13:46:05,118.57,100,118.58,100,118.575,100
27599,1.03,0.07,0.96,56.4,13:48:56,118.56,300,118.59,100,118.5768,144
27626,1.1800000000000002,0.13,1.05,18.0,13:49:18,118.53,300,118.57,100,118.5475,400
27751,1.21,0.08,1.13,53.800000000000004,13:51:53,118.53,200,118.56,300,118.545,900
27867,1.03,0.24,0.79,29.97,13:53:29,118.6,200,118.62,100,118.60700000000001,100
27893,1.19,0.23,0.96,28.02,13:54:28,118.59,200,118.61,100,118.59899999999999,100
27914,0.81,0.07,0.74,49.620000000000005,13:54:49,118.58,200,118.61,100,118.6031,150
28036,0.8099999999999999,0.08,0.73,13.600000000000003,13:57:13,118.53,200,118.57,200,118.5502,300
28137,1.03,0.08,0.95,13.41,13:59:13,118.48,100,118.5,900,118.4884,202
28188,0.81,0.07,0.74,0.0,14:00:00,118.48,100,118.52,100,118.4936,200
28779,0.82,0.08,0.74,8.600000000000001,14:12:08,118.5,200,118.54,400,118.5177,204
28889,0.83,0.12,0.71,0.0,14:14:00,118.41,400,118.45,300,118.4372,143
29103,0.97,0.07,0.9,1.8,14:18:01,118.44,100,118.46,300,118.4592,100
29189,0.99,0.27,0.72,30.409999999999997,14:19:30,118.39,200,118.43,100,118.426,165
29399,0.58,0.08,0.5,15.809999999999999,14:22:15,118.39,200,118.44,300,118.4174,125
29612,0.44,0.14,0.3,25.81,14:24:25,118.41,200,118.44,400,118.4397,131
29938,4.06,3.57,0.49,0.0,14:28:00,118.65,200,118.68,200,118.68,100
29978,0.5900000000000001,0.07,0.52,29.970000000000002,14:28:29,118.65,300,118.67,500,118.6678,260
30260,0.5800000000000001,0.13,0.45,45.80000000000002,14:31:45,118.71,200,118.74,100,118.72,300
30309,0.75,0.2,0.55,3.78,14:32:03,118.7,100,118.72,300,118.71,100
30323,0.7799999999999999,0.08,0.7,13.799999999999997,14:32:13,118.66,100,118.67,300,118.6712,200
30477,0.8,0.18,0.62,36.72000000000001,14:34:36,118.72,400,118.75,300,118.74,100
30597,0.6000000000000001,0.07,0.53,48.14000000000001,14:37:48,118.63,200,118.65,300,118.6499,288
30859,0.61,0.26,0.35,0.0,14:41:00,118.56,200,118.6,700,118.5601,300
31018,0.61,0.08,0.53,1.79,14:43:01,118.53,100,118.57,200,118.5323,120
31068,0.43000000000000005,0.09,0.34,35.61999999999999,14:43:35,118.56,100,118.6,200,118.5972,100
31109,0.79,0.27,0.52,0.0,14:44:00,118.57,200,118.6,300,118.5989,144
31111,0.62,0.14,0.48,1.4100000000000001,14:44:01,118.57,200,118.6,400,118.5992,100
31189,0.6,0.08,0.52,0.0,14:45:00,118.55,200,118.59,100,118.5717,1354
31242,0.78,0.2,0.58,42.39000000000001,14:45:42,118.51,300,118.54,200,118.5399,300
31683,0.6100000000000001,0.07,0.54,6.19,14:51:06,118.52,300,118.57,400,118.5418,139
31841,0.43,0.08,0.35,33.81000000000001,14:52:33,118.58,300,118.61,200,118.5951,100
32201,0.5700000000000001,0.07,0.5,0.0,14:58:00,118.59,200,118.61,200,118.5997,114
32216,2.0100000000000002,1.57,0.44,18.63,14:58:18,118.55,300,118.59,200,118.5838,139
32313,0.8,0.27,0.53,16.169999999999998,14:59:16,118.56,200,118.58,200,118.5799,414
32392,2.21,1.71,0.5,12.57,15:00:12,118.55,100,118.58,200,118.56299999999999,151
32974,0.79,0.19,0.6,43.45,15:07:43,118.68,300,118.7,200,118.6999,200
33061,1.42,1.07,0.35,44.03000000000001,15:08:44,118.7,100,118.72,100,118.7199,1000
33084,0.44,0.07,0.37,0.0,15:09:00,118.73,100,118.74,200,118.73,100
33091,0.62,0.21,0.41,10.759999999999998,15:09:10,118.76,200,118.77,300,118.76,100
33097,0.43,0.14,0.29,13.999999999999998,15:09:13,118.75,200,118.76,200,118.75,100
33117,0.5900000000000001,0.27,0.32,25.97,15:09:25,118.75,400,118.76,300,118.755,100
33171,0.45999999999999996,0.11,0.35,3.01,15:10:03,118.76,100,118.77,200,118.7625,100
33174,0.6399999999999999,0.07,0.57,4.819999999999999,15:10:04,118.75,100,118.77,200,118.759,100
33253,0.63,0.17,0.46,1.83,15:11:01,118.74,200,118.76,100,118.758,100
33288,0.5900000000000001,0.27,0.32,32.220000000000006,15:11:32,118.75,300,118.78,500,118.77,100
33298,0.6599999999999999,0.18,0.48,38.22,15:11:38,118.75,300,118.78,300,118.78,100
33317,0.64,0.15,0.49,52.21,15:11:52,118.78,200,118.82,500,118.8,100
33353,0.58,0.08,0.5,0.0,15:12:00,118.78,200,118.81,700,118.795,100
33526,0.44,0.08,0.36,20.01,15:14:20,118.67,100,118.72,100,118.715,100
33983,0.5900000000000001,0.13,0.46,22.410000000000004,15:19:22,118.68,200,118.7,400,118.69200000000001,2504
34380,1.06,0.68,0.38,14.82,15:24:14,118.74,200,118.76,200,118.7532,128
34392,0.43,0.07,0.36,25.800000000000004,15:24:25,118.75,200,118.76,200,118.7599,104
34421,0.83,0.24,0.59,44.809999999999995,15:24:44,118.77,300,118.79,200,118.79,100
34472,0.5900000000000001,0.07,0.52,12.83,15:25:12,118.78,300,118.81,500,118.805,100
34494,0.5900000000000001,0.07,0.52,27.029999999999998,15:25:27,118.78,400,118.81,600,118.81,100
34740,0.61,0.08,0.53,24.030000000000005,15:28:24,118.79,200,118.82,300,118.82,100
34810,0.7899999999999999,0.09,0.7,10.399999999999999,15:29:10,118.83,200,118.84,300,118.83,100
34812,3.6300000000000003,2.99,0.64,14.819999999999999,15:29:14,118.83,700,118.85,100,118.84,100
34816,0.86,0.26,0.6,19.619999999999997,15:29:19,118.83,200,118.84,100,118.8382,163
34820,0.6200000000000001,0.07,0.55,22.4,15:29:22,118.84,300,118.85,200,118.845,200
34822,0.8300000000000001,0.2,0.63,24.189999999999998,15:29:24,118.83,200,118.84,100,118.835,100
34831,0.82,0.21,0.61,30.61,15:29:30,118.83,300,118.85,100,118.85,100
34856,1.05,0.12,0.93,53.07000000000001,15:29:53,118.85,300,118.86,100,118.86,100
34867,0.81,0.07,0.74,1.82,15:30:01,118.87,200,118.88,300,118.88,100
34883,0.79,0.14,0.65,26.159999999999993,15:30:26,118.88,200,118.89,300,118.8825,100
34885,0.83,0.14,0.69,27.97999999999999,15:30:27,118.87,700,118.88,200,118.89,100
34916,0.6399999999999999,0.07,0.57,49.589999999999996,15:30:49,118.85,300,118.87,300,118.87,100
34948,0.76,0.1,0.66,11.94,15:31:11,118.85,100,118.86,200,118.8599,335
35075,0.62,0.18,0.44,24.609999999999996,15:32:24,118.89,300,118.9,100,118.9,100
35115,3.4099999999999997,2.84,0.57,0.0,15:33:00,118.87,200,118.89,400,118.895,100
35136,0.65,0.22,0.43,17.389999999999997,15:33:17,118.9,200,118.91,300,118.91,100
35143,0.59,0.08,0.51,21.559999999999995,15:33:21,118.91,200,118.92,100,118.92,284
35164,0.61,0.18,0.43,33.55,15:33:33,118.9,400,118.92,300,118.905,100
35387,3.39,2.87,0.52,0.0,15:36:00,118.85,200,118.88,300,118.867,520
35452,0.5900000000000001,0.07,0.52,42.76000000000001,15:36:42,118.85,300,118.88,800,118.865,100
35624,0.61,0.24,0.37,47.560000000000024,15:38:47,118.86,200,118.89,200,118.8899,121
35723,0.5900000000000001,0.27,0.32,53.66000000000001,15:39:53,118.82,400,118.83,100,118.825,200
35734,0.5900000000000001,0.07,0.52,0.0,15:40:00,118.82,300,118.83,300,118.8244,300
35792,0.66,0.23,0.43,42.23,15:40:42,118.82,400,118.83,900,118.8299,105
35795,0.59,0.15,0.44,44.02,15:40:44,118.8,200,118.82,100,118.815,100
35876,0.79,0.27,0.52,32.61000000000001,15:41:32,118.78,100,118.8,300,118.785,100
35950,0.61,0.12,0.49,49.02,15:42:49,118.79,500,118.8,400,118.7999,102
36178,1.58,1.03,0.55,18.979999999999997,15:45:18,118.83,400,118.85,600,118.8499,104
36200,0.58,0.08,0.5,32.989999999999995,15:45:32,118.83,600,118.84,300,118.831,200
36283,0.64,0.18,0.46,30.04999999999999,15:46:30,118.78,400,118.81,200,118.8099,115
36441,0.64,0.23,0.41,25.989999999999995,15:48:25,118.75,200,118.77,400,118.765,100
36475,2.38,1.76,0.62,48.37,15:48:48,118.77,100,118.78,900,118.7799,116
36478,0.61,0.08,0.53,50.419999999999995,15:48:50,118.77,200,118.78,800,118.779,400
36496,0.5800000000000001,0.07,0.51,1.7500000000000002,15:49:01,118.77,100,118.78,500,118.775,100
36594,0.81,0.07,0.74,6.76,15:50:06,118.7,500,118.72,200,118.705,100
36659,0.6399999999999999,0.07,0.57,0.0,15:51:00,118.73,300,118.74,600,118.735,135
36665,0.81,0.26,0.55,5.5600000000000005,15:51:05,118.72,200,118.73,400,118.725,100
36672,0.74,0.17,0.57,11.719999999999999,15:51:11,118.71,300,118.73,900,118.7205,100
36726,0.8400000000000001,0.18,0.66,53.769999999999996,15:51:53,118.7,300,118.71,400,118.7075,100
36753,0.77,0.25,0.52,20.139999999999997,15:52:20,118.63,100,118.64,700,118.635,100
36817,0.6000000000000001,0.07,0.53,5.620000000000001,15:53:05,118.64,300,118.65,500,118.6425,100
36819,0.76,0.08,0.68,10.01,15:53:10,118.64,500,118.65,800,118.645,100
36825,2.2199999999999998,1.75,0.47,16.439999999999998,15:53:16,118.64,400,118.65,700,118.6431,125
36828,3.3499999999999996,2.65,0.7,21.409999999999997,15:53:21,118.66,200,118.68,300,118.6684,200
36994,0.61,0.21,0.4,18.809999999999995,15:55:18,118.63,200,118.64,400,118.6399,121
37015,0.8,0.14,0.66,33.33999999999999,15:55:33,118.62,100,118.64,1000,118.625,100
37032,0.6000000000000001,0.07,0.53,44.779999999999994,15:55:44,118.6,200,118.61,400,118.6099,100
37063,0.5800000000000001,0.2,0.38,14.220000000000002,15:56:14,118.57,200,118.58,500,118.5725,100
37222,0.6399999999999999,0.07,0.57,36.370000000000005,15:59:36,118.54,300,118.56,1100,118.5599,108
